OrganizationIdentifier,OrganizationFormalName,MonitoringLocationIdentifier,MonitoringLocationName,MonitoringLocationTypeName,MonitoringLocationDescriptionText,HUCEightDigitCode,DrainageAreaMeasure/MeasureValue,DrainageAreaMeasure/MeasureUnitCode,ContributingDrainageAreaMeasure/MeasureValue,ContributingDrainageAreaMeasure/MeasureUnitCode,LatitudeMeasure,LongitudeMeasure,SourceMapScaleNumeric,HorizontalAccuracyMeasure/MeasureValue,HorizontalAccuracyMeasure/MeasureUnitCode,HorizontalCollectionMethodName,HorizontalCoordinateReferenceSystemDatumName,VerticalMeasure/MeasureValue,VerticalMeasure/MeasureUnitCode,VerticalAccuracyMeasure/MeasureValue,VerticalAccuracyMeasure/MeasureUnitCode,VerticalCollectionMethodName,VerticalCoordinateReferenceSystemDatumName,CountryCode,StateCode,CountyCode,AquiferName,LocalAqfrName,FormationTypeText,AquiferTypeName,ConstructionDateText,WellDepthMeasure/MeasureValue,WellDepthMeasure/MeasureUnitCode,WellHoleDepthMeasure/MeasureValue,WellHoleDepthMeasure/MeasureUnitCode,ProviderName
TDECWR_WQX,TDEC Division of Water Resources,TDECWR_WQX-TNW000000857,Calfkiller River,River/Stream,,05130108,,,,,36.0842000000,-85.3253000000,,,,GPS-Unspecified,NAD83,,,,,,,US,47,141,,,,,,,,,,STORET
TDECWR_WQX,TDEC Division of Water Resources,TDECWR_WQX-TNW000000919,Cane Creek,River/Stream,,05130108,,,,,36.0828400000,-85.6074600000,,,,GPS-Unspecified,NAD83,,,,,,,US,47,141,,,,,,,,,,STORET
TDECWR_WQX,TDEC Division of Water Resources,TDECWR_WQX-TNW000002401,Field Blank For CKEFO,Other-Surface Water,,05130108,,,,,36.1305900000,-85.5333250000,,,,GPS-Unspecified,NAD83,,,,,,,US,47,141,,,,,,,,,,STORET
TDECWR_WQX,TDEC Division of Water Resources,TDECWR_WQX-TNW000002554,Falling Water River,River/Stream,,05130108,,,,,36.0444400000,-85.5930500000,,,,GPS-Unspecified,NAD83,,,,,,,US,47,141,,,,,,,,,,STORET
TDECWR_WQX,TDEC Division of Water Resources,TDECWR_WQX-TNW000002557,Falling Water River,River/Stream,,05130108,,,,,36.0983000000,-85.4963000000,,,,GPS-Unspecified,NAD83,,,,,,,US,47,141,,,,,,,,,,STORET
TDECWR_WQX,TDEC Division of Water Resources,TDECWR_WQX-TNW000002560,Falling Water River,River/Stream,,05130108,,,,,36.1590800000,-85.3833000000,,,,GPS-Unspecified,NAD83,,,,,,,US,47,141,,,,,,,,,,STORET
TDECWR_WQX,TDEC Division of Water Resources,TDECWR_WQX-TNW000003104,Hudgens Creek,River/Stream,,05130108,,,,,36.0882000000,-85.5184000000,,,,GPS-Unspecified,NAD83,,,,,,,US,47,141,,,,,,,,,,STORET
TDECWR_WQX,TDEC Division of Water Resources,TDECWR_WQX-TNW000004005,Maxwell Branch,River/Stream,,05130108,,,,,36.1361800000,-85.6288600000,,,,GPS-Unspecified,NAD83,,,,,,,US,47,141,,,,,,,,,,STORET
TDECWR_WQX,TDEC Division of Water Resources,TDECWR_WQX-TNW000004215,Mine Lick Creek,River/Stream,,05130108,,,,,36.1444000000,-85.6440900000,,,,GPS-Unspecified,NAD83,,,,,,,US,47,141,,,,,,,,,,STORET
TDECWR_WQX,TDEC Division of Water Resources,TDECWR_WQX-TNW000004216,Mine Lick Creek,River/Stream,,05130108,,,,,36.1450000000,-85.6438000000,,,,GPS-Unspecified,NAD83,,,,,,,US,47,141,,,,,,,,,,STORET
TDECWR_WQX,TDEC Division of Water Resources,TDECWR_WQX-TNW000004959,Pigeon Roost Creek,River/Stream,,05130108,,,,,36.0883000000,-85.5074000000,,,,GPS-Unspecified,NAD83,,,,,,,US,47,141,,,,,,,,,,STORET
TDECWR_WQX,TDEC Division of Water Resources,TDECWR_WQX-TNW000004962,Pigeon Roost Creek,River/Stream,,05130108,,,,,36.1057100000,-85.5058700000,,,,GPS-Unspecified,NAD83,,,,,,,US,47,141,,,,,,,,,,STORET
TDECWR_WQX,TDEC Division of Water Resources,TDECWR_WQX-TNW000004963,Pigeon Roost Creek,River/Stream,,05130108,,,,,36.1088900000,-85.5013900000,,,,GPS-Unspecified,NAD83,,,,,,,US,47,141,,,,,,,,,,STORET
TDECWR_WQX,TDEC Division of Water Resources,TDECWR_WQX-TNW000006461,Trip Blank For CKEFO,Other-Surface Water,,05130108,,,,,36.1305900000,-85.5333250000,,,,GPS-Unspecified,NAD83,,,,,,,US,47,141,,,,,,,,,,STORET
TDECWR_WQX,TDEC Division of Water Resources,TDECWR_WQX-TNW000007347,Cane Creek,River/Stream,,05130108,,,,,36.1347400000,-85.5674800000,,,,GPS-Unspecified,NAD83,,,,,,,US,47,141,,,,,,,,,,STORET
TDECWR_WQX,TDEC Division of Water Resources,TDECWR_WQX-TNW000008543,Calfkiller River,River/Stream,,05130108,,,,,36.0688000000,-85.3222000000,,,,GPS-Unspecified,NAD83,,,,,,,US,47,141,,,,,,,,,,STORET